,Model,R2,AIC,BIC
0,Without Sex,0.7810940686176628,-1020.7877203499906,-825.6340724761319
1,With Sex,0.7810940876096063,-1018.7877311947996,-820.8057695836385
